<?xml version="1.0" encoding="UTF-8"?>
<metadata xml:lang="en"><Esri><CreaDate>20221018</CreaDate><CreaTime>16320200</CreaTime><ArcGISFormat>1.0</ArcGISFormat><SyncOnce>TRUE</SyncOnce><DataProperties><lineage><Process ToolSource="c:\program files\appj\arcgis\pro\Resources\ArcToolbox\toolboxes\Data Management Tools.tbx\CreateFeatureclass" Date="20221018" Time="162700">CreateFeatureclass "C:\Users\dgg0ald\OneDrive - Durham University\Teaching\Masters\Dissertation\Izzy_Grayson\Population_Data" test2 Polygon Epoch04_FINAL_TopologyFixed No No "PROJCS["WGS_1984_UTM_Zone_45N",GEOGCS["GCS_WGS_1984",DATUM["D_WGS_1984",SPHEROID["WGS_1984",6378137.0,298.257223563]],PRIMEM["Greenwich",0.0],UNIT["Degree",0.0174532925199433]],PROJECTION["Transverse_Mercator"],PARAMETER["False_Easting",500000.0],PARAMETER["False_Northing",0.0],PARAMETER["Central_Meridian",87.0],PARAMETER["Scale_Factor",0.9996],PARAMETER["Latitude_Of_Origin",0.0],UNIT["Meter",1.0]];-5120900 -9998100 450445547.391054;-100000 10000;-100000 10000;0.001;0.001;0.001;IsHighPrecision" # 0 0 0 #</Process><Process ToolSource="c:\program files\appj\arcgis\pro\Resources\ArcToolbox\Toolboxes\Data Management Tools.tbx\Copy" Date="20221018" Time="163149">Copy "C:\Users\dgg0ald\OneDrive - Durham University\Teaching\Masters\Dissertation\Izzy_Grayson\Population_Data\test2.shp" "C:\Users\dgg0ald\OneDrive - Durham University\Teaching\Masters\Dissertation\Izzy_Grayson\Population_Data\test2_1.shp" Shapefile #</Process><Process ToolSource="c:\program files\appj\arcgis\pro\Resources\ArcToolbox\Toolboxes\Data Management Tools.tbx\Rename" Date="20221018" Time="163157">Rename "C:\Users\dgg0ald\OneDrive - Durham University\Teaching\Masters\Dissertation\Izzy_Grayson\Population_Data\test2_1.shp" "C:\Users\dgg0ald\OneDrive - Durham University\Teaching\Masters\Dissertation\Izzy_Grayson\Population_Data\ras_ls_ep4.shp" ShapeFile</Process><Process ToolSource="c:\program files\appj\arcgis\pro\Resources\ArcToolbox\Toolboxes\Data Management Tools.tbx\Copy" Date="20221018" Time="163202">Copy "C:\Users\dgg0ald\OneDrive - Durham University\Teaching\Masters\Dissertation\Izzy_Grayson\Population_Data\ras_ls_ep4.shp" "C:\Users\dgg0ald\OneDrive - Durham University\Teaching\Masters\Dissertation\Izzy_Grayson\Population_Data\rasuwa_landslides\ras_ls_ep4.shp" Shapefile #</Process></lineage><itemProps><itemLocation><linkage Sync="TRUE">file://\\DM-GEOG-776\C$\Users\dgg0ald\OneDrive - Durham University\Teaching\Masters\Dissertation\Izzy_Grayson\Population_Data\rasuwa_landslides\ras_ls_ep4</linkage><protocol Sync="TRUE">Local Area Network</protocol></itemLocation></itemProps><copyHistory><copy source="C:\Users\dgg0ald\OneDrive - Durham University\Teaching\Masters\Dissertation\Izzy_Grayson\Population_Data\ras_ls_ep4" dest="\\DM-GEOG-776\C$\Users\dgg0ald\OneDrive - Durham University\Teaching\Masters\Dissertation\Izzy_Grayson\Population_Data\rasuwa_landslides\ras_ls_ep4" date="20221018" time="16320200"></copy></copyHistory></DataProperties></Esri></metadata>
